1,"neeraj","data science"
2,"neeraj","data science"
3,"neeraj","data science"
4,"neeraj","data science"
5,"neeraj","data science"
6,"neeraj","data science"
7,"neeraj","data science"
8,"neeraj","data science"
9,"neeraj","data science"
1,"neeraj","data science"
2,"neeraj","data science"
3,"neeraj","data science"
4,"neeraj","data science"
5,"neeraj","data science"
6,"neeraj","data science"
7,"neeraj","data science"
8,"neeraj","data science"
9,"neeraj","data science"
1,"neeraj","data science"
2,"neeraj","data science"
3,"neeraj","data science"
4,"neeraj","data science"
5,"neeraj","data science"
6,"neeraj","data science"
7,"neeraj","data science"
8,"neeraj","data science"
9,"neeraj","data science"
1,"neeraj","data science"
2,"neeraj","data science"
3,"neeraj","data science"
4,"neeraj","data science"
5,"neeraj","data science"
6,"neeraj","data science"
7,"neeraj","data science"
8,"neeraj","data science"
9,"neeraj","data science"
1,"neeraj","data science"
2,"neeraj","data science"
3,"neeraj","data science"
4,"neeraj","data science"
5,"neeraj","data science"
6,"neeraj","data science"
7,"neeraj","data science"
8,"neeraj","data science"
9,"neeraj","data science"
1,"neeraj","data science"
2,"neeraj","data science"
3,"neeraj","data science"
4,"neeraj","data science"
5,"neeraj","data science"
6,"neeraj","data science"
7,"neeraj","data science"
8,"neeraj","data science"
9,"neeraj","data science"
1,"neeraj","data science"
2,"neeraj","data science"
3,"neeraj","data science"
4,"neeraj","data science"
5,"neeraj","data science"
6,"neeraj","data science"
7,"neeraj","data science"
8,"neeraj","data science"
9,"neeraj","data science"
1,"neeraj","data science"
2,"neeraj","data science"
3,"neeraj","data science"
4,"neeraj","data science"
5,"neeraj","data science"
6,"neeraj","data science"
7,"neeraj","data science"
8,"neeraj","data science"
9,"neeraj","data science"
1,"neeraj","data science"
2,"neeraj","data science"
3,"neeraj","data science"
4,"neeraj","data science"
5,"neeraj","data science"
6,"neeraj","data science"
7,"neeraj","data science"
8,"neeraj","data science"
9,"neeraj","data science"
1,"neeraj","data science"
2,"neeraj","data science"
3,"neeraj","data science"
4,"neeraj","data science"
5,"neeraj","data science"
6,"neeraj","data science"
7,"neeraj","data science"
8,"neeraj","data science"
9,"neeraj","data science"
1,"neeraj","data science"
2,"neeraj","data science"
3,"neeraj","data science"
4,"neeraj","data science"
5,"neeraj","data science"
6,"neeraj","data science"
7,"neeraj","data science"
8,"neeraj","data science"
9,"neeraj","data science"
1,"neeraj","data science"
2,"neeraj","data science"
3,"neeraj","data science"
4,"neeraj","data science"
5,"neeraj","data science"
6,"neeraj","data science"
7,"neeraj","data science"
8,"neeraj","data science"
9,"neeraj","data science"
1,"neeraj","data science"
2,"neeraj","data science"
3,"neeraj","data science"
4,"neeraj","data science"
5,"neeraj","data science"
6,"neeraj","data science"
7,"neeraj","data science"
8,"neeraj","data science"
9,"neeraj","data science"
1,"neeraj","data science"
2,"neeraj","data science"
3,"neeraj","data science"
4,"neeraj","data science"
5,"neeraj","data science"
6,"neeraj","data science"
7,"neeraj","data science"
8,"neeraj","data science"
9,"neeraj","data science"
1,"neeraj","data science"
2,"neeraj","data science"
3,"neeraj","data science"
4,"neeraj","data science"
5,"neeraj","data science"
6,"neeraj","data science"
7,"neeraj","data science"
8,"neeraj","data science"
9,"neeraj","data science"
1,"neeraj","data science"
2,"neeraj","data science"
3,"neeraj","data science"
4,"neeraj","data science"
5,"neeraj","data science"
6,"neeraj","data science"
7,"neeraj","data science"
8,"neeraj","data science"
9,"neeraj","data science"
1,"neeraj","data science"
2,"neeraj","data science"
3,"neeraj","data science"
4,"neeraj","data science"
5,"neeraj","data science"
6,"neeraj","data science"
7,"neeraj","data science"
8,"neeraj","data science"
9,"neeraj","data science"
